objectName,skinName,skinUrl
ladrielle,skin,http://textures.minecraft.net/texture/2a76129edccb45085e7d2cbe4edef7cfbca57b0a9fc18ae8bebfc799c03cad7b
bludalf,skin,http://textures.minecraft.net/texture/890092f89b7d6426133395907b136fd29ec702153422c57ef4fa04d74e0bcefa
elder_zoar,skin,http://textures.minecraft.net/texture/c092c6a4be5e59625bf516aea9abd7ce5e503b676da9caab073edea35d71f23a
fire_demon,skin,http://textures.minecraft.net/texture/3712f8437bb301e9b2894d1c0d538e34b0af3a7180498b7a52e950ab78b2a5b9
seer_sheep,skin,http://textures.minecraft.net/texture/e5bf5a3e313b00c9d2e0a7d403052fc0213183ca533926316e8d05cf9eba6047
spectral_bar,skin,http://textures.minecraft.net/texture/442bbb5be7dbcad9f317f6c9aec47d9beb24b5e82dd6c313717f74b8273a68f6
goblin_hollows_mithrandir,skin,http://textures.minecraft.net/texture/e4dd3a8eba7cde4b4af3c19dd43ab9edae6f304910593fafc49b2d8abc4dc766
chad,skin,http://textures.minecraft.net/texture/b7da063013339afcd806d00f8a3d0a4d56c0f28c260e860cf3444872a7ac64c
elder_boar,profile,http://textures.minecraft.net/texture/9bb9bc0f01dbd762a08d9e77c08069ed7c95364aa30ca1072208561b730e8d75
professor_birch,skin,http://textures.minecraft.net/texture/dc207b8afbf309daf11d64f1ef99961632e84887ec5a84da6bf20ef5afdeecdf
queen_bee,melee_skin,http://textures.minecraft.net/texture/b1928a609305025b7df7686eadeb8eaf1f23abc6793b4336a9c8ce40607964ae
rogue_warden,skin,http://textures.minecraft.net/texture/82b6f6846e7bb40c4ca63d4f999f9af365b296c2755402ffc425af2e52af7a5f
aegan_prisoner_two,skin,http://textures.minecraft.net/texture/904d430f272a175442c80b5afac0b92aa752e63a68270b51369a8e8a1265281
fen,skin,http://textures.minecraft.net/texture/c605eb5d05e0231bceacd20bb9064df75f6fe2c6e938d03d33dc591eae76ad40
hob_goblin_range,skin,http://textures.minecraft.net/texture/e378ecd8bf2f129ef0355f5b66d147f9edeb45c2ede53f262e4f54789fca76ee
drowned_man,skin,http://textures.minecraft.net/texture/29be0490c7be7a26c57300f15b5eea6b5fc3f1403524111563166e672bc56340
frog,skull,http://textures.minecraft.net/texture/15a57529b9ed530268ae0cbff1250c50b4d2c89c56f17e9379213d49811e6429
rune_essence_backpack,skin,http://textures.minecraft.net/texture/990d4b9acfc9f3a7b52a13c29c398449ca058c7ab9f7e02c376cbb5b20fa076
lavy,skin,http://textures.minecraft.net/texture/a9a61fd28e5cca3a1ee59ac93ed2c47e7ed45094419953b39419880d4b45863e
giant_rat,skin_poisoned,http://textures.minecraft.net/texture/32035f3ddf4600cdf35c46f4770627678b4fdd7645879dc67ebb802c8276db8c
hungry_pirate,skin,http://textures.minecraft.net/texture/36d69729f77e2a37b0b073b9188e2ed68a1a5fc0807af6a31207efc11a5b46dd
duckling,duck_head,http://textures.minecraft.net/texture/f5df748e1b21f603c22d13f57ad913e42c1c1cd270bb76aea6e82079d07c9f95
pyre_gatekeeper,skin,http://textures.minecraft.net/texture/b08ae51f416e0378b07fa00c5722488fc309bef3080df4f59eeb0be168bb9a1a
baby_polar_bear,skin,http://textures.minecraft.net/texture/90be99f92ae0cc10697d8971f10cb2bc269920be9e939367c8ce1c8bcedd33ab
farmer,skins_0,http://textures.minecraft.net/texture/fe3c47503036960721a7eaa27fe03628ca34b1c42a0a10fbcf2a4f62273e84f
hickton,skin,http://textures.minecraft.net/texture/e1324bf16374357d0ff20049d3b1a3a1f507c411cd0d6b357017d87eb2b967b8
drowned_pirate,skin,http://textures.minecraft.net/texture/9387812c84b88d6c0b14566a98054edb01db77522cf95cd582d234b3606b22b7
wilkins,skin,http://textures.minecraft.net/texture/bdec5eaed7e86d52da2d6a660cabd5fbf751811a5309acfbc0dd01bd7fc2476b
percy,skin,http://textures.minecraft.net/texture/82c9346380b59fcc0c93a302367fd0fcc941a6936a2207c0fe7eb21170ef7db3
pyre_mithrandir,skin,http://textures.minecraft.net/texture/e4dd3a8eba7cde4b4af3c19dd43ab9edae6f304910593fafc49b2d8abc4dc766
smogly,skin,http://textures.minecraft.net/texture/6c18f45375911b8f25cea491df7b7972acdd47b8a669f224bc7f0b00129d3f95
aodah,skin,http://textures.minecraft.net/texture/b38e64f9af51bf9b3465913887a8b01624c2d23c31901feb062caa7687d2c545
enidras,skin,http://textures.minecraft.net/texture/790f3df37bf768c82b8241c4736cb00ba4104fb9b00017558a420d8928a7ef05
scorpion,skin,http://textures.minecraft.net/texture/c89c42811eaff12eef2e47e1982840e68c05490b2e73b20ab97f2a018eb24f37
yellow_balloon,skin_profile,http://textures.minecraft.net/texture/cb1ae7a471729651b5667b81694e492808c5090c2b168f0a9190fd002ee50a26
farming_backpack,skin,http://textures.minecraft.net/texture/2eddee1d9d0f9e2ea1c3efff2df92e8a2323185d93d577d93b30538226ea6a60
rutger,skin,http://textures.minecraft.net/texture/601acae4c1878f6efddd43ccd8068cbbaf1da20f8dd69ac4e881f0c8fbc03763
dire_skull,skin,http://textures.minecraft.net/texture/c7ddb67ef737610d0b79e1cb2ea7c30dbe30d8d7912eb92e5ed08332a380aebc
skeleton_miner,skin,http://textures.minecraft.net/texture/6cf0bc6c85a8c4d97bbde4484b5b1c5829325d80a7fba45e52965a451f678203
goblin_snail,skull,http://textures.minecraft.net/texture/11f2356c86aa79e51b7d5c5f05e8901b4d6fa293aaa669985133e440ac97dc67
hughy,skin,http://textures.minecraft.net/texture/6a0ab6abd1f393b6ae343caa644edf33d9c9dd819d5f457d4f99bab2d5250f1
thirsty_pirate,skin,http://textures.minecraft.net/texture/c707225e98c2fe6837cbd60c6c7a5a7bc99a7cb72e70135ceb4f95a88d616601
blue_balloon,skin_profile,http://textures.minecraft.net/texture/f868e6a5c4a445d60a3050b5bec1d37af1b25943745d2d479800c8436488065a
maldor,skin,http://textures.minecraft.net/texture/ded1635a60c339af69b1d019b36ccf742cfb6864c065156d56fa159cd0662142
aegan_prisoner_three,skin,http://textures.minecraft.net/texture/61be641c665407d6c66e6842d58313135f55e82fb43ce2aa7eb6f3d282598d4d
weedle,skin,http://textures.minecraft.net/texture/fb800281a5776f56ad2e09dfef5eb668a2c47ca7b7075a75c442878d6c77ce52
bondi,skin,http://textures.minecraft.net/texture/214bb01f433baac6b24d3f725880c040ac26eed7b93c3cbcffd9201df201ac63
crimson_bar,skin,http://textures.minecraft.net/texture/1ecd6e5e3543445c27e4a8bc6f700a703b22ba3905c6d6829dbef8d81fc86293
pirate_guard,skin,http://textures.minecraft.net/texture/2c9913e871d63fa75df27a96ef6851823b7b525ef109ea595954583da799cf19
grandma,skin,http://textures.minecraft.net/texture/24248e2c1e3df2c059f64865b592279f97a02bdcedad8685e95ce72400185348
flora,skin,http://textures.minecraft.net/texture/4224f5d688dc9e6704d02bd6b41355dd97069ddb77ba0251be669cd54e328b58
hunter,skin,http://textures.minecraft.net/texture/9ba675f92914b742a66fd1711fbb04d635aadf239947a143950b4e782fb0c7b6
dummytestcow,skin,http://textures.minecraft.net/texture/387810fcf5f3a27dda4580bdc761867d14487fdecf0e138c5830d92be33b48a2
tiny_backpack,skin,http://textures.minecraft.net/texture/baf3a838568fad16f8dd8cae9871df1d25145927e8280e3bd9de4dcb8526a62f
perscilla,skin,http://textures.minecraft.net/texture/8fa792643d20ba2cd58e6efd306c6715c30a6ec4c48d7a2a01806b490c319dec
mychael,skin,http://textures.minecraft.net/texture/ae1e32af0a393f810d904b7081e1b82a19cbba3f428534cbbfa1abc6344f9f1e
scallywag,skin,http://textures.minecraft.net/texture/d7e161f366d1a36ae647cc56c0defc33023c91226dea36a5e387a04141d83357
tortuga_man,skin,http://textures.minecraft.net/texture/daed0887ebc22d402ae4e73801f397f61d23b7aa2f7946f64057814400ff33
beach_boy,skins_1,http://textures.minecraft.net/texture/bb9a1b3727954ef738d5f8a33174e8098d745cbb0f49969861c9e7c947efe905
goober,skulls_2,http://textures.minecraft.net/texture/4f51f176a2f1b7af553f8879ff3b53b0ac07ac0c7b925c00609d17f4cc7e5bc9
lumberjack,skins_0,http://textures.minecraft.net/texture/eeeddc5f4c1afcbba55acdbaa3f7be1d6ad5f83491f1e4a1b31b2e83c79a0d86
acacia_ent,skin,http://textures.minecraft.net/texture/51041fa391faf6c34dda3a54ff742b9fbe67c03e3beb676c3c7bcc5f05c8aa25
templar,skin,http://textures.minecraft.net/texture/b9dc728841629c2c4777870a927c892faa27c2cb8a6b8d82b2cf5ae2b181df9c
enchanted_sheep,skin,http://textures.minecraft.net/texture/8af02e99fd5828a545d51cd8d7af933bd2602eb20df086627dc311342705723d
dreadknot_ent,skin,http://textures.minecraft.net/texture/a6828b42bca0555643921f2bc7c0a95bf8b4149dad2fa218a5b0d35b4a239cba
calf,skin,http://textures.minecraft.net/texture/4307cf3ea0c94c307962ca57ad068da49a4382aef477940e92c442a7a63422b0
gluttony,skin,http://textures.minecraft.net/texture/f0efc87739fc3e87ed4e046fd033491e0643e23fbb4e321a722d5b294c846f1
morgana,skin,http://textures.minecraft.net/texture/d7b4527f071a640cd5183ea7d0e00c617e18c881c670c6ec50cc2c6eb69b98ce
worker_bee,skin,http://textures.minecraft.net/texture/1442f0fb7e7bcf8db3df5f2f197831821dbb6a65c776bba577f45752ecbeaa35
hermit_crab,skull,http://textures.minecraft.net/texture/17d8d4922441932766c75c269eefa642f2fd831ee6348492a4ebce6275e01428
gold_bar,skin,http://textures.minecraft.net/texture/dc9362d1875ce774c59be14699ddafc87a2338d27c44c2563724091df84d814f
hob_goblin_magic,skin,http://textures.minecraft.net/texture/a749a032f898d2d889015f1426f27e4d01758403051b3236f448ee2ae5a57e14
barbarossa,skin,http://textures.minecraft.net/texture/ccd9c541c8b657c753f8ae8346ffe66bcd955388c1a49dec35b20de5dbfeee43
pirate_executioner,skin,http://textures.minecraft.net/texture/c4dea32394fa165eba664ca5e57de9c262395a0562650d3e3fb5c7a201f990a0
bunyan,skin,http://textures.minecraft.net/texture/97aa3732f8e77926e38ebd8760fd629505404db3ea850dc3f4572dd34f5720b7
ambry,skin,http://textures.minecraft.net/texture/ac7bd8ed7153e4109426cc780be64faba068b7bea20ec1a781da7d52bf88d301
coconut_fruit_basket,profile,http://textures.minecraft.net/texture/496e70e3bcecf4c8f1e198fd105d1d5cf9394b992d2a1f2743946743b1ee65c9
cow,skin,http://textures.minecraft.net/texture/387810fcf5f3a27dda4580bdc761867d14487fdecf0e138c5830d92be33b48a2
atlas,skin,http://textures.minecraft.net/texture/4b7063ef6829ca25d9a48dc1a51b2443ab4a0c090695a987e980d040d788d380
chucky,skin,http://textures.minecraft.net/texture/4c202f3d8725557e77a536f275776ead3021543baf5e59e808a512727fbd5a3f
fishing_backpack,skin,http://textures.minecraft.net/texture/935dad90291612729003feaeae7cec56977fcef1082fa5fa6201e728e1471adb
unicorn,skin,http://textures.minecraft.net/texture/667323ae30d69392594dfd640e51c375dd63658867c727a7768b37222ae9de4e
spruce_ent,skin,http://textures.minecraft.net/texture/9bee76c2dabe14710b1222aa5400fe3113885a9f28d0be26497276b1bebc70b1
zoar,skin,http://textures.minecraft.net/texture/7273e0713358ae039b5564b3785993fa26f90a0ef419ec599cc6bdef3fbb0869
diamond_pirate,skin,http://textures.minecraft.net/texture/5daf1de49faead67c74fb3cd09022e9371a838001b4e136f3a23eff133cf7573
duck,duck_head,http://textures.minecraft.net/texture/4d18613952c14ac76d21522d19eecef1289842d690f7f29c844bf97e0b3024ce
savage_owl,skin,http://textures.minecraft.net/texture/5041abd2c311bbcd3d2167e2c397480dc35b8b1f8cd4353421f72b663727f0b1
demon_ent,skin,http://textures.minecraft.net/texture/f94fb10aeb4f1b0c3df70e1e8f2bc33d4fc8bbf7f3539cf340f788b3111f952
jack,skin,http://textures.minecraft.net/texture/1a29596549688372181929fcba844c2b06bbb64f5bf1cb3754dda9edee89a69a
franklin,skin,http://textures.minecraft.net/texture/adaf42510132b6e88bef73b5d9304fb0b2b49eab9a3abf8eb75f633568a3d947
miner_lime,skin,http://textures.minecraft.net/texture/4bbc24e04c4a8e9efb80330b5d5ea98cc70814b256860998471dc9d1178da38d
mining_backpack,skin,http://textures.minecraft.net/texture/87fcc6317985a57d254803df84c51840a340f3e6b1877ac7895425767563f57d
goblette,skin,http://textures.minecraft.net/texture/262c52336f151e27aaed17b80543c74b5f3a169ab7bcb5322cf8e567774f30cc
silver_bar,skin,http://textures.minecraft.net/texture/7b535c8a47daf6f3757472d5297eb5f5e0aa1a9bf38acfdd07cb5853eef812e1
freya,skin,http://textures.minecraft.net/texture/62119e1892ec065d44d1e65a4d5cbfc70bf4b0dd784a9d53dc44aeaf8fbced65
ahnah,skin,http://textures.minecraft.net/texture/de8b16de668c0c2198b6ce2c13aea8ef5893129d403d25d1d1cd4c3704dbc2b6
skeleton_archer,skin,http://textures.minecraft.net/texture/fcde93f69f257edb4750ef5f00ead30668756c60926b991fb72aca71ec583df6
okuz,skin,http://textures.minecraft.net/texture/ecf624277aa93ccbc666cf68a78c9b38ab5e96f66f1281ce419966effe5cd50c
gorilla_greater_brute,skin,http://textures.minecraft.net/texture/b5155f8de268800e0d8043d8814bbcbba99c34c9baab726e1fd24b9196e539ef
arcane_sheep,skin,http://textures.minecraft.net/texture/4f9bb45a9a34ddf8857b2fedff760385395bae12fe4082dfc1422589d99a4343
ivan,skin,http://textures.minecraft.net/texture/ad33a3dc7eec7631979b9a83590af3ecc496fc24e5344960c14584dbb7f48637
commander_graldurg,skin,http://textures.minecraft.net/texture/4435dbed8af406e2005b497db49ee6e42900e06908e0e6e4aadd234cea96a714
oak_ent,skin,http://textures.minecraft.net/texture/fba62601fbd078779af18f2ea74038000c4bbb8d4042128469b7200b9af1ad9a
skeleton_warrior,skin,http://textures.minecraft.net/texture/a6d72325e0686b08f34c9833f821d3b65370aa3eca6b5312e81df04c2b87dd8b
skygaror_man,skin,http://textures.minecraft.net/texture/2890375229f1dc7ce6ea5a11ae5cbf75f7daf5153bfa2ddb2f9d718792c5a95a
boar,skin,http://textures.minecraft.net/texture/1b51d811e2d58382f78064d9d738f817308c9eaab27913c73a2eeea2ac64a2fc
mummy,skin,http://textures.minecraft.net/texture/81a6afef31b32b17c10933f96fbbbbdfc399987917ecba15f54b6e109dee5366
graff,skin,http://textures.minecraft.net/texture/bc8e5fe117e4bc8aefb91927d450edbcefae4ab8bf916d99a02fe6b849f9e5b7
drowned_spirit,skin,http://textures.minecraft.net/texture/2ad2b7977e5c5f46003f60a40dd0e3513db77290cd41f616cc0a8f8a36c3feae
billy,skin,http://textures.minecraft.net/texture/b3e7b1a180c6355bbe04248e9c9a16c538bf000c34e50a0f008e38495fb9298f
beatrix,skin,http://textures.minecraft.net/texture/f28aa06a43b79dad26105d2b6368aee5827a505ba60069d66c1fbf0113f016b4
radiant_skull,skin,http://textures.minecraft.net/texture/949b7e5b1c64d5bd907a2d66723a2c0cebc1177a7d9bce93e6a1d344250e84a0
donkey_foal,skin,http://textures.minecraft.net/texture/c3c58ad27ef99bc1caf4967bc7d1e31e55237e3cc0598588359434990ce333f9
princess_awaiga,skin,http://textures.minecraft.net/texture/f3a0d92b79069e0b6966a691fec79ca07beaf2b690820d5a0037242f677769bb
mahogany_ent,skin,http://textures.minecraft.net/texture/5c2d81f5a770b1504fd0136dad686927abd929d5454ff25ea4545caa271d5271
queen_bee,range_skin,http://textures.minecraft.net/texture/cf0ef5e5b2ddabc67b73e856a4b98f5acc2d7894a3aa0dc947f2aefca5a90502
bridge_npc,profile,http://textures.minecraft.net/texture/e11e4508b4acf0cd80767d7fd9296faee6752fae8cc608025ff2944673ead0d8
winston,skin,http://textures.minecraft.net/texture/39705a89ba28bde4e83f13477deda7c29e91dfa54fc5206c010d2b6c3d9313be
astrid,skin,http://textures.minecraft.net/texture/5a106eb189d07a7a54c5ae57e3ff5603a2a3e6d82c79f4017eeab1405f18deba
marauder_psycho,skin,http://textures.minecraft.net/texture/8092d35c38d1a2bb6bf7c365e23331889f5473b5454f204b8f1af165dee6c3ef
milo,skin,http://textures.minecraft.net/texture/95aeeac18bf330d061e88390b6357b54811bb21afb5c02aceede9fc33f293a8e
undead_skull,skin,http://textures.minecraft.net/texture/5b100b31072e46e1ed8c4932bf00cc149f1a6f2c766863bb4e4897a8f881dd30
chawworra,skin,http://textures.minecraft.net/texture/290295542480d043ebbb4cb00d5842042f2b7994aa166cecf0006524fdf2293e
rogue_drifter_woman,skin,http://textures.minecraft.net/texture/66deef5e1bf745c6b3011a3918ad89d6707210fd40e76bed7decd4295ebf23ad
cartier,skin,http://textures.minecraft.net/texture/5e845c913894fe4a6687175dbcc6b45bb27ed3967b9c653cb0517b9c5c9f173f
wharfmolo_man,skin,http://textures.minecraft.net/texture/46ef6d5bf880a6f337eeb30492d53c395570e5ae1e6bed4326a5ee6b3e15bf9f
sibyl,skin,http://textures.minecraft.net/texture/f7fc438e15a26710920f09707a93298875ec12d6aa8a6a05498ac1ed843cf4c5
dire_sheep,skin,http://textures.minecraft.net/texture/fe8b587fea00ee3beceff33fb898814a9854a9575a45ac83e59e932138b5e738
gillian,skin,http://textures.minecraft.net/texture/608c13de3b5c6740c53f7cd2581ac0315d0f6111c41bc5c04c93e174a674be01
monkey_warrior,skin,http://textures.minecraft.net/texture/cd5b67ca53608875c48a41683c75fd6e9e11fe7cbdf691b7cc4a8a0974debc6f
hob_goblin_melee,skin,http://textures.minecraft.net/texture/fbfb8cf02779c8b23e3fc5970906d0549ca3c206c9c8589335c0f1997367036
poison_spider,skin,http://textures.minecraft.net/texture/eb7b328a43e91c556c5c46b7af827af7e96491f516fa63b769566008dd994553
abigail,skin,http://textures.minecraft.net/texture/5e8cfd0cda2de362552b28cdae6ca126d5728e4b217d74fec59bce5ec4243bce
mango_fruit_basket,profile,http://textures.minecraft.net/texture/ab717db41f928a6440950ff081c28b90b49aa0c0b56406c3b9d0f6f88fe1bd9e
marauder_volunteer,skin_profile,http://textures.minecraft.net/texture/dd0313eb7ad5c3ed6e48f332576fae3a453dfd4b32314951fbe2bd27cb647de0
emile,skin,http://textures.minecraft.net/texture/acac36661614bfdbc9642626fde9fc43a24b765ab43ad57061fc590347eb7199
gregory,skin,http://textures.minecraft.net/texture/c550c98ad4f74869120f774057542f94881ef371ee090233314fbca02e6cbf40
cannonball,skin,http://textures.minecraft.net/texture/dbdd601804a9ee941c3caaab340113f04fe86f3f797bf0d410f53aa58ebd4e11
monkey_mage,skin,http://textures.minecraft.net/texture/943904098ae8769d226b215c21ceead1830133a9be3eafe37f28a3747c5b7c63
rogue_drifter_man,skin,http://textures.minecraft.net/texture/368f6b2fbed116e6681a189fc20ee772d380c0e9f6690d06fc7c0c74cf0154fb
chick,skin,http://textures.minecraft.net/texture/a32ca01a78cb0be8d2d3ed71a2fa3364fd5a2d32657c62d8d9076a1f0029db80
sheep,skin,http://textures.minecraft.net/texture/60ce9513b82316e437ecbfa4b9bbb8965848eb7cac8c3ffb78b3deabe3616425
lamb,skin,http://textures.minecraft.net/texture/7d8b73f9d2bc8838824debde7f13793bb4a48e826e204291dffe69c0c8336209
thulbur,skin,http://textures.minecraft.net/texture/3dcfd36b49449f3f7f3cd75ec6bc462c704513ca0514be58e68bb899ec48b9c
elston,skin,http://textures.minecraft.net/texture/df56984d22622b53435295b325cebe5eb3de687020057410e1b6515bc8fa7269
banana_fruit_basket,profile,http://textures.minecraft.net/texture/56b23b7470eb506ea60bba05bd91a310bbdc94124d12b3e0aa780f4af89b7fcc
magmamite,skull,http://textures.minecraft.net/texture/d397531e72f614c6ea09b18adf9adaefdb88ad772b2c6907c12c9fa2432d130a
floki,skin,http://textures.minecraft.net/texture/aab283de05356e81af7e17725c758f627f390b67a41ac3c36068da7c4a2eda0f
poppy,skin,http://textures.minecraft.net/texture/40f9821ebd8eb192ea6e68975bbcc2bbbf31fb136e45c5e8e46e94530b161639
buccaneer,skin,http://textures.minecraft.net/texture/40591c4cffeaadc51f7d5fe6e3627b5a18e5674d20714ca81fd8ad2b09e76cd4
tortuga_mithrandir,skin,http://textures.minecraft.net/texture/e4dd3a8eba7cde4b4af3c19dd43ab9edae6f304910593fafc49b2d8abc4dc766
empty_fruit_basket,profile,https://education.minecraft.net/wp-content/uploads/empty_basket.png
baking_backpack,skin,http://textures.minecraft.net/texture/a21a03225460bbaf234394ae1128a8a63f0bb5eb5bf06b86ed7477bb8aa6a915
void_servant,skin,http://textures.minecraft.net/texture/e7b75f74de069c7a6cbd7cd8cce364e62304f77c2938dbf4c0d674f3f296f9fc
luna,skin,http://textures.minecraft.net/texture/e08db39563f018dc169e26e52800b1e79de8b3579ef191cae42155fcce0f0324
drowned_woman,skin,http://textures.minecraft.net/texture/c8e3634f65fe5eeb91e82ca897fefcbc6c2ae5373aafe7191473f8fb4e3bb47
roderick,skin,http://textures.minecraft.net/texture/87c4c3d043b8c81d41aa24b777abd71845139004cb0dd34b6e0fb78f51aed7fb
earth_mage,skin,http://textures.minecraft.net/texture/6de280c8e9b06af0efc24e48e5db7a10534711fc8f0f26cf66e1bf0be93eb75c
giant_backpack,skin,http://textures.minecraft.net/texture/de228a67be66c795d58b849aa0153eb9f7bfc2c3d0e801d887af2ebc106b083a
banker_red,skin,http://textures.minecraft.net/texture/88f0e1f1d556e6663eaafe21e0606f6a72acce48894343e4d3516d487498b939
giant_rat,skin,http://textures.minecraft.net/texture/2787661bd16807553e8230f4f89ecd92d64a90f7badf501bd67ab8758f0f6d59
alchemist,skin,http://textures.minecraft.net/texture/6fd93d0a8773795051afb78673553acd7212ba610f2204ca2d46f4a7554f3787
beach_girl,skins_1,http://textures.minecraft.net/texture/4cde263f7b7a2d0f7f2257380995bc68df7f042eaeedde994f640b76502c78c7
paladin,skin,http://textures.minecraft.net/texture/3f321c562f44c9c496776c2009eea019fecf59549116f5d2799822d7af087643
lola,skin,http://textures.minecraft.net/texture/c5d6a09bef8b0e214816c1f15e3b6c2dac148bb91df586d2efa20146d2d71b2a
seagull,skull,http://textures.minecraft.net/texture/8fbaf629939c709f01c0449a5c88c2388225d548dc8b02b68167ee0bdd11ce3a
skygaror_woman,skin,http://textures.minecraft.net/texture/36945d3d36645b273572339de4fe9564586d1752d8d689fe2233b6556d9f1b51
beach_girl,skins_2,http://textures.minecraft.net/texture/907e768ddab688f36a2d49b209d28c9b42e71a00101cfa7d327609761aec2c43
paladin_guard,skin,http://textures.minecraft.net/texture/9a506cfff3e931f218f2638dd62798793d0bf2b89949541fd2c533e51b327b2
toolbox,skin_profile,http://textures.minecraft.net/texture/b9844a1f0a409e1bd210ef82bfe6294a433f2f3e215c5dec013a7730a27708ff
greta,skin,http://textures.minecraft.net/texture/6f567acf935986f3353a4492ccb165d0a0029dc10f0e408b94d6190a5405c991
eleanor_guthrie,skin,http://textures.minecraft.net/texture/d1ad9ef3a963e84c7b349ae34a505d6a665b512ee8216203d2b537ef3c8e84cd
goblin_overlord,skin,http://textures.minecraft.net/texture/6fe25deb442f34abc376ac5bc5aba6413b6ce18686a2bd3f2c91cff373f3de88
merman,skin,http://textures.minecraft.net/texture/e8c667babf9f6a549977a7f7973aead729c97ce3a0fc4b3de5705bc853468b19
beach_girl,skins_0,http://textures.minecraft.net/texture/36afce41ec0952e326c3273cf569ccf1a79631a4baba1f7b8b9146663952129c
nomlas,skin,http://textures.minecraft.net/texture/895e80c8005fdf3903dc61e29bf2dacbcab95b68ce05e64bb574088cb5326358
mystic_skull,skin,http://textures.minecraft.net/texture/bd13a2c87841a13b33aff6d9dd7dd37373c546b0bb0b3f1792cf4d2762df5f7c
pirate_archer,skin_profile,http://textures.minecraft.net/texture/cc2019667c55278ce788ea51cd8006faa93021d9c621d45b7660dc95a0e8db22
andrei,skin,http://textures.minecraft.net/texture/96653ec17dfe240b50b5928ddb82e391b798d7dc901d633454d99e0d663560fa
tiffany,skin,http://textures.minecraft.net/texture/32f4a9df29d5853706a177a713c33c9a762021ebe64e293b835900a35c009ead
severin,skin,http://textures.minecraft.net/texture/b524591f127de8f4e65f295af871709c93bbc87c68edbe9701a48f22ba25bf1c
zombie,skin,http://textures.minecraft.net/texture/da8ecb39160fb33714e7a1df418dda43b58598068f6052676328b267d03187fc
adamantium_bar,skin,http://textures.minecraft.net/texture/a59111a15cab5ab37652fb4ed4214bd0b73a7c4d47998299124faf3001341446
parrot,skull,http://textures.minecraft.net/texture/4890179e775ed25b815f47486beb50dd9248401b85ed19539462d1f0efe9e442
zeb,skin,http://textures.minecraft.net/texture/1d8a4ac529529824502d195da72bb97479bd3cf5622fa34d5309c735c841c138
phantom_sheep,skin,http://textures.minecraft.net/texture/7e73eaf397561f7147343c82d60fa0c3d544595ef8a82009c32bfc92429272a6
air_mage,skin,http://textures.minecraft.net/texture/181576b26f7cf483fd7e8a55206053dc63bc0bdb95e467030d8d645b3fa9233a
void_oracle,skin,http://textures.minecraft.net/texture/136a73870794c11d223a82706175811b4db2df7f7f137c539a88d7b4358e578e
gorilla_brute,skin,http://textures.minecraft.net/texture/3d31106e0ccaad13940b0a8a5dda4d78c66c584ca9096f2c8f9ea3f18a02efd
annora,skin,http://textures.minecraft.net/texture/4a05e4ebdcb2f3936bdda4bb0c6f1a401d38063a1a54dbbc9ae795866718265b
kegan,skin,http://textures.minecraft.net/texture/9e8f88aec3413014d979e0119d5e0ec6b366e602b92c9d49857e899e0e206e63
bronze_bar,skin,http://textures.minecraft.net/texture/f1355bbd391ec8a3f8d711efa840a2c6f1dafa9e47d3aa199cd1ad8df3146f5c
monkey_bazooker,skin,http://textures.minecraft.net/texture/5e7cefc19fdeda3d877b44a9400b0facc984380786678248289171a083144419
tinker,skin,http://textures.minecraft.net/texture/2f5bf1a4b72b2d65f83c77cc533b1a591fae6e72a0dbedc536421ac46dad4422
small_backpack,skin,http://textures.minecraft.net/texture/6e2da9be14eb45a696b8bcc85ddfa36c57f9f2737c776e5e7fc3cd5bb87838f3
olaf,skin,http://textures.minecraft.net/texture/d41470ee8be1a94eddeeeee5e52ce365e9194d27c19de7611eca3f0f28b14cc7
duppy,skin,http://textures.minecraft.net/texture/6288620218e980933f62bbff7d0a5ee90047412a995d91d80f444825980fd5c6
boat_bart,skin,http://textures.minecraft.net/texture/c6ad947c20ec2b2d7186a7286a0831a21ca46a7838d8a25742b47e4db0c6e317
bank_crate,default,http://textures.minecraft.net/texture/aa581f0fa5a70219dab90ccad3730890957ae11813642f6cd5d2359b89ad8f43
seer_skull,skin,http://textures.minecraft.net/texture/62f09a6a903cb2444715f7968b23d3cafbb4c2f89b0e9dae11b4dc728b0e7455
mystic_sheep,skin,http://textures.minecraft.net/texture/8022551ad31036f61b1302eec8820115b13a714ca0e4f1903f423e9d576f03d6
vengeful_spirit,skin,http://textures.minecraft.net/texture/5ea01d69e2c6a8c8f06e8fd7b9e72437ae2c737ef61d424d336be5d411590438
bunny,skin,http://textures.minecraft.net/texture/927dac96fbd045e926915061fc25b975bdc10baf5afde9cc7fd71ec00c7094a9
fox,skin,http://textures.minecraft.net/texture/6827afc22bdae6934fcdd8a624b7754c56ccf334923f9bacfb1316b9212502f6
mitecicle,skull,http://textures.minecraft.net/texture/72d4c294f95f4da3bf5830945d07a3c5fbc60b4f6c8e30c574bb5453dd565aa5
radiant_sheep,skin,http://textures.minecraft.net/texture/ffc590ee13a415add1c4b320f74702df7ddf3b1ad51f78493a56c4eee3228e93
wretch,skin,http://textures.minecraft.net/texture/dcd8246ae7a9c334d8b8cf71f34e170a595f89f9c82fafbbb128edb7f40e52c1
edward_teach,skin,http://textures.minecraft.net/texture/229ca57f2e51820b9c5ec42c6615a928d4aaed9ccc7cfd0ed695df739072d7f
netherite_bar,skin,http://textures.minecraft.net/texture/83bf86b865acfe4cd22227cd8fb36a0d96d1a132a4fbb22f51ddd17bac6fd5f8
enchanted_skull,skin,http://textures.minecraft.net/texture/22fa644711f5ad8f68d5ba57db187d5fb828b60a662fe40a2c4e6d437584cf26
goober,skulls_0,http://textures.minecraft.net/texture/241d5a5118a2222b33baaa6eebdc40a4edef49cd02de0ebe1a8733569513acb2
goober,skulls_4,http://textures.minecraft.net/texture/5b5b56408820d7f78ece3e7de0e4f0a303bec39e1b5e1142378395b99451878e
pyre_woman,skin,http://textures.minecraft.net/texture/57c7f327563cc71a5865a17351463a0f9975b41868898a6f61c4657d74eee81a
bat,skin,http://textures.minecraft.net/texture/4f89fc5137631f6b543931bf7af1dde0aef8c69cbe5b8bafe2166f3b1c7e1a69
jack_rackham,skin,http://textures.minecraft.net/texture/23f1f92a39c01f81e3c9afe330a03fa4f288af0aebb8df171caba19642ffe26
fred,skin,http://textures.minecraft.net/texture/9c6bef391c29105f083cb45bb4bbf7acaaa7264c1dca49d292b8d7a66aa73b
hutch,skin,http://textures.minecraft.net/texture/e93bbdee4b024e0b76c91d42dbd91276cd6fca57433e8403e92d0a1853043362
viking_shieldmaiden,skin,http://textures.minecraft.net/texture/9ddf3aa08f954ebf797cf355604df6a46bee2812a7a87694e0301c2a83fa94a8
apple_fruit_basket,profile,http://textures.minecraft.net/texture/d17fd8f7ec870c245031feeb467b43af6f932ebcdf47fec97e4f6cf08d689792
oroku,skin,http://textures.minecraft.net/texture/d722e927fd20b2e643ccf823539dbaefee318b7c282135e04f351651bae905be
mithril_bar,skin,http://textures.minecraft.net/texture/dc11a1521cbdd933afb60071805d7e32acb0d7192573c3bc8f2767f58391937f
seer,skin,http://textures.minecraft.net/texture/54d26c9d59e4eb4e1687b313a4e148eed811a3231f8a8cf972ea735756e43d8
lumina,skin,http://textures.minecraft.net/texture/f7d4256c26602351b66c7a3ed6cbfb4b25db44035327b5bc40303d93c9638f37
eustace,skin,http://textures.minecraft.net/texture/b3e6d5fa90c28fbaae9a7d3f95e2ce4d859933158ebca94ad70fcc16372af85b
grandpa,skin,http://textures.minecraft.net/texture/95c0e114b13bec54cce259544478bdcafcdde650f23cb7967df80acaae49b75
fire_mage,skin,http://textures.minecraft.net/texture/9995bb3808eea0c0999aeb33d3c41fbab130f0759584667419a7c2c69f0c3290
piglet,skin,http://textures.minecraft.net/texture/8c61fb8825d83dc614c92ebbf4e74c18a80687d5b2b96b3cd6a6090eef5b
clay_spider,skin,http://textures.minecraft.net/texture/c3f3a2242392a884d287f84728670f510e4c36805a3bf050fb2c3d8c7380cd85
pig,skin,http://textures.minecraft.net/texture/621668ef7cb79dd9c22ce3d1f3f4cb6e2559893b6df4a469514e667c16aa4
water_mage,skin,http://textures.minecraft.net/texture/e2e0b5b8246db15c17d092545acf2d64a0c9ccb849097d83e10ca726f77c9b1e
hungry_goblin,skin,http://textures.minecraft.net/texture/90f439d56bc043eeef17e7022a6d726184ed6f764aa303688b1b3cd2d6ee407c
polar_bear,skin,http://textures.minecraft.net/texture/21083d7ecae844f308627eeb5e78d194c4dffaa77598c0d09c329ed612acba
wolf,skin,http://textures.minecraft.net/texture/a491f3231d3754da8fc9b423aa20e11662f6f59f7ca92f3a2f7624ee8b6d411a
queen_ebmarah,skin,http://textures.minecraft.net/texture/f3c5cf2cc50ed287b18b6244d053a1e4758bbb867b2b563b8ad1ecf3b4e9391f
aegan_prisoner_one,skin,http://textures.minecraft.net/texture/62f3ce2ca0ac8e3a7d503ce8e2cc8b15e592b76a950b52822060b7106dc0afd5
mud_golem,skin,http://textures.minecraft.net/texture/45c316ff45428fbffa57d956d97e67a683fbbc4128912043ce62175f1c380f75
viking_warrior,skin,http://textures.minecraft.net/texture/90b402b82900de5917c7f3a8bf521ea3ac46639e524dc5deacc941592202f1a1
ember_spirit,skin,http://textures.minecraft.net/texture/4aee2365450d0f3bcc94a6526b778fb13444b69a3b48bf6529b42bf33e9a4dac
squirrel,skull,http://textures.minecraft.net/texture/81473585830e6cd839f123f9fa66dda13a249f0e9b301c2c2447af51374d4447
donkey,skin,http://textures.minecraft.net/texture/de4997293981cbfef938a4ffe76fcdf89da7453c70d547ec2c5358262524945d
iroh,skin,http://textures.minecraft.net/texture/5fa2ba2d8cfd0e82ef86cb039b6eb2e2fb3c34340c14b7d8ebbcc5c85421deea
alina,skin,http://textures.minecraft.net/texture/cfc482c4c2ebea45c80ef9e2fa5b8482eead8223ce85df32940fc0d1c95e0c99
torstein,skin,http://textures.minecraft.net/texture/749393384f7ed185da6a19fbe15dff121d3570c171008d2c113085e7dda8ac5e
woodland_snail,skull,http://textures.minecraft.net/texture/53da417ada4e93f69c99f5eb23ef51d46acf1e02dbf113bbba047fcd8a600ddf
marketeer,skin,http://textures.minecraft.net/texture/cb4e38e40a9e6aacfaf16aaaefadeb00ccadcef78797a16101a86d64195db63
brendel,brendel_top_bottom,http://textures.minecraft.net/texture/38c20442080cc4b5777cf5692eb525b05cb389a41edff2880787dea78825293c
goblin_shaman,skin,http://textures.minecraft.net/texture/eed2a3ffa8178b7474a24e8c0071dc9d061921639c1bd4f066c4db3a3de6f26f
saben,skin,http://textures.minecraft.net/texture/5fad64bb506ef344db6ae95407e931e52812e80b2169c6a687b5ef01c07f042e
toklo,skin,http://textures.minecraft.net/texture/74810c4d1458e0b2a51e13bbc27816ce18a810d1e25a1124dc6b314565aee744
tyrwin,skin,http://textures.minecraft.net/texture/ad5496709eea68ce2068d3d5c535b4caf3ca61dfe337ddd956c63b3c9c687e80
cheese,poisoned,http://textures.minecraft.net/texture/adbf9ebdac89608efbd76e2b978af65c1e78ced81a963d44f5faed37ffe484a2
pyre_guard,skin,http://textures.minecraft.net/texture/986ce47b5e9946284491bd522f94b9a22ee4acac19b96f2257545f13ceeb48ba
beach_boy,skins_0,http://textures.minecraft.net/texture/d9f1a217ddcbe2310b44ce1858e63fa4a4a21558fcb43c6f6fdbe6e2819bf4b6
sarah,skin,http://textures.minecraft.net/texture/234c0513f843674de363d5c3ecd58c7c881f2c999c6cb5fdcefbb84959d03137
liam,skin,http://textures.minecraft.net/texture/356a22429d327a0efe0a518d3581a2e4686663bc8fb848582cfa77a74542620f
frost_fox,skin,http://textures.minecraft.net/texture/c4a85f057b1d1e0d20827c1863308c17065a24f964fd4fd7c2b73e2b1d2e66f
willow_ent,skin,http://textures.minecraft.net/texture/c978fa9a430ef8b6ffc289e6cef7cd75f62bd3bcc6dce42f00184224d6d56a4c
brute_bee,skin,http://textures.minecraft.net/texture/cc877aa8bd90bcb9c4a51ffb0a475eee46810f0c911595e86d44436c59b1547a
pyre_man,skin,http://textures.minecraft.net/texture/1b1dda83d1b4558dc6e0d80916c37700dd2193fb877ac2f202a05c66ed3be90
lyralei,skin,http://textures.minecraft.net/texture/2e12b6609f988028f3f599c642c2176c24915bafcc63f4be3400a8f56c2bf61a
brendel,brendel_base,http://textures.minecraft.net/texture/38c20442080cc4b5777cf5692eb525b05cb389a41edff2880787dea78825293c
cherry_fruit_basket,profile,http://textures.minecraft.net/texture/bdc45aeb9e98a184fb8b00171cb221c9d876b597eaa1c1c0d261ad5c91533aaf
dead_tomato,skin,http://textures.minecraft.net/texture/92575bc947648b7fe68f1b623feb7f77286f96a179895d72d2718f94b89c63
brittney,skin,http://textures.minecraft.net/texture/420f3102e6bee228b4b06da2e84406ef9d07b6183700603d5a50cc635dfd2673
marauder_brawler,skin_profile,http://textures.minecraft.net/texture/928cd9c35e5d07b522e498e7f6f4fd9882ff4b523cf77538b64904e35f2ed0e5
goblin,skin,http://textures.minecraft.net/texture/90f439d56bc043eeef17e7022a6d726184ed6f764aa303688b1b3cd2d6ee407c
robber,skin,http://textures.minecraft.net/texture/a46a188625f3e3d44ff5243c89358e9bf17e219c6b3047209e10571b9f67efe1
ragnar,skin,http://textures.minecraft.net/texture/1440fa4af97472ae603906a48c951e581ea4c5f53b80842f2b3421f4c0aa27f2
gold_pirate,skin,http://textures.minecraft.net/texture/a1be27c6d24b2f7a936ef5aaf3eb137490cdc26b23b4b07c672b1b46c21ee64b
cat,skin,http://textures.minecraft.net/texture/f7d4256c26602351b66c7a3ed6cbfb4b25db44035327b5bc40303d93c9638f37
goblin_soldier,skin,http://textures.minecraft.net/texture/97da87b6ae3b1e23799392fc51fef77a2682fb2bad40971422f1b14c71689c5b
firefly,skin,http://textures.minecraft.net/texture/c78288fabf54dab03d71364417a8e564b8f290c8c8a0164c4b19b6277c038440
miner_orange,skin,http://textures.minecraft.net/texture/d57bb26ff472cd3173dbc0c8e11954d34cffd83d39f61257bb89a14e2fca4f27
elder_boar,skin,http://textures.minecraft.net/texture/ea1122ae2d2d4efb3ab14d4c290c446632060557923c45c984a1fb5860218c9d
test_dummy,head,http://textures.minecraft.net/texture/89a3776eeea4b320a4bc5f5d71c87dfa5aed842f9aee0926964fab7b62ad0f65
hafdan,skin,http://textures.minecraft.net/texture/f0d7bea34fe0be64f7368da99c4e175ab4f5284e987a192d18cac813cb044cda
camel,skin,http://textures.minecraft.net/texture/4562d3f9bf59d3c4e4bf2c807f3aac5c24925c3c521467282bbde39c2f688b63
beach_snail,skull,http://textures.minecraft.net/texture/cece77fe0fec1e0d747cff5dd99bda32a563655d45a784b170ef26a5fb71e707
goblin_warrior,skin,http://textures.minecraft.net/texture/95e8c55bc0ffad0b8e7fdb077b633f5cdb39f5839133dd99a174e563410c93f8
obsidian_bar,skin,http://textures.minecraft.net/texture/84285bb567f932407b15687cb44cbb27f3e43d5b3701a2bb5088d3c509d7df18
gemstone_bag,skin,http://textures.minecraft.net/texture/b39831d8a6805eb6b9d4fc006564a6318df1ac32f83bd57aeb678a400d02b25c
elgarv,skin,http://textures.minecraft.net/texture/ba5c5cea1514513e4019ff3ed93014f41ce8b9f3fd11292d425b5c74fbf82264
guard,skin,http://textures.minecraft.net/texture/9a506cfff3e931f218f2638dd62798793d0bf2b89949541fd2c533e51b327b2
marauder_marksman,skin_profile,http://textures.minecraft.net/texture/4d6265e7d1da6fe6c04b9d0ab88adffd9aac47511f050bba7cc2ee0772de981e
rhodonite_bar,skin,http://textures.minecraft.net/texture/483f75e94b456b3e3f387bef083e07c31a6239e20a067c99264ef2e459b7b52
gilded_hermit_crab,skull,http://textures.minecraft.net/texture/22a41fe10c0b7dae6f829134d18b4ca4719a06a00fe4599754640b3643fe84fb
goober,skulls_3,http://textures.minecraft.net/texture/cca856e4b76acf17d8c69d26bd07d507ff8dc188e368e8033937c5e3e27b892b
vera,skin,http://textures.minecraft.net/texture/9ec9df2d9afeaac4cf00b0b9720d3cab799c3eca6de49897cb65032c6e162090
spirit,skin,http://textures.minecraft.net/texture/b1dabf170d23711a089b40ef5a6e55bf0a48e64a3557b77f1d498f97a07c77c6
arcane_skull,skin,http://textures.minecraft.net/texture/b16e45f96d14ce71cd9d515c0b2f01cbc19faf198741585cbd6d38c125c9c7a
aldo,skin,http://textures.minecraft.net/texture/1945dab345c21a99427b23b7a54f2267d7f8b21964b7c2b9ff10652000d2d8e6
termite,skull,http://textures.minecraft.net/texture/33f8f648f96b88ef5325b2fbbb8c84de2f016bf28d32038558623c753e735500
cheese,normal,http://textures.minecraft.net/texture/d60a05f6901553c7eb54f3226a05616524418b32abe8ff6e11aa265aed12a432
red_balloon,skin_profile,http://textures.minecraft.net/texture/52dd11da04252f76b6934bc26612f54f264f30eed74df89941209e191bebc0a2
coal_backpack,skin,http://textures.minecraft.net/texture/1c0bec64531d8cff76b0f75888ce46e673faccb70fc9bd39a6b21023bc532b86
ladrielle,bag,http://textures.minecraft.net/texture/c8eba52af4be35571e6513c88324c1f182f436161c798cb8f82abf158305189c
baobab_ent,skin,http://textures.minecraft.net/texture/f8be43c4a3d01c88f767d9eb858a9f31c71b4928fcb8afbe473d576c35524490
king_ogowo,skin,http://textures.minecraft.net/texture/3fc7874bfc74a6fa03cc11e5f239f0cc73723744a6d1b291bc339f64dace921d
blightstone_bar,skin,http://textures.minecraft.net/texture/e5b669cbe259c5dc9691f5dfe093984ba4adfef5be6542160d1b2b6d4182351a
skunk,skin,http://textures.minecraft.net/texture/52785f4884173354ec4d58ddcfc2812455160aa81c9f4095a0438491001e5415
qogoan,skin,http://textures.minecraft.net/texture/95ac46c5aa4afb4e87e98fdb6ca9c8de77dba99b3c59d689ba8580b108d6a773
vasco,skin,http://textures.minecraft.net/texture/b32d84b0599125d339d1c0451ff1a17d792f67c732ffb6f49b93b46697e8afef
goober,skulls_1,http://textures.minecraft.net/texture/b5807401ae26ff3e7846ef4632fa2f8e55004e843f3ebc73fdfccc3865b31768
farmer,skins_1,http://textures.minecraft.net/texture/5e91bac484c2c31a514fbc002b172b81f4d3c3657da4a815c796152e9f631bb
brendel,brendel_top_top,http://textures.minecraft.net/texture/38c20442080cc4b5777cf5692eb525b05cb389a41edff2880787dea78825293c
guardian,skin,http://textures.minecraft.net/texture/efde38fd30cd2365cc66b3b1ea37490da585ae2239cfd753de52dc424d619560
jarl,skin,http://textures.minecraft.net/texture/46de259e12ab4b2e81d24f798af09b134acba38aeb2895162faaa46799f2d89f
blackberry_fruit_basket,profile,http://textures.minecraft.net/texture/d82bc97c0a9474eb9e304544a7415fcb3b8e17e994c861f61e79bdcbe0f02244
undead_sheep,skin,http://textures.minecraft.net/texture/b1c396d51f520beecfdae0e0e8b00c754531cb0319c592b3fe7ae72d61fdb028
queen_bee,mage_skin,http://textures.minecraft.net/texture/1a54d2d6ae7a336159827cbcd054d915127ed877d3a150125d75b43e096f3ccc
wharfmolo_woman,skin,http://textures.minecraft.net/texture/cc090112d5eabd40ec4babe08cb9da8923a3889eedf9e336910d99c77fb228aa
geologist,skin,http://textures.minecraft.net/texture/ec85c8471f361da0368c1ae9583ff7ec7b6a159727a7b96347bc301d0cf947f0
magilla,skin,http://textures.minecraft.net/texture/1010459992c0376315fb07391fbdd2dc145ef7612c70301adc05c38edc9fae
lilith,skin,http://textures.minecraft.net/texture/af06330d329ae7bf410ad312a325603fc40e1d2f82628a5a21530ca15974a2f4
granite_gremlin,skin,http://textures.minecraft.net/texture/479e9a881c0518caac2f2665a9995d861d8b6c781ff21ecc3a6563d6be2d9200
banker_blue,skin,http://textures.minecraft.net/texture/98e30235457c1493410b17f1c77fb9bf81c99c8d942154ddb83a5df2ba2e51f3
guardian_bee,skin,http://textures.minecraft.net/texture/71a6deaa6dc3759e765021be4f2fd04a8ce7114b6011d521bac1528c170f4dc8
fisherman,skin,http://textures.minecraft.net/texture/e6e4fe11031396464ed62612cad93ffd1a5f9625adab95041540916485c9cdc3
chicken,skin,http://textures.minecraft.net/texture/de8a410582d1db0f1607eb4d07322deca21df39cb9c33e37034d0dcfe3fc73a5
void_acolyte,skin,http://textures.minecraft.net/texture/c1151fd28eb996e5207f82f684d414fc7ab16784e0f530f1b0021d2cfaf71ae0
birch_ent,skin,http://textures.minecraft.net/texture/bde3bf82bf3e45dd38a8f0e9b48e6037d4865ead66496444057c22dbf080f566
zorkov,skin,http://textures.minecraft.net/texture/ada8135accbf86d4f7bb9a420f2d72995a5e124667a70d24f85e5abd8c0a4d26
lilybelle,skin,http://textures.minecraft.net/texture/f6469456d663cb320fe363d1743453a3cafdf1c3da9d85549257b06c0897681e
tortuga_woman,skin,http://textures.minecraft.net/texture/d34326abe46ee1441766ecbb2222d89c57d83e547108da7005a7a2bde4a1a8a4
azalea,skin,http://textures.minecraft.net/texture/9152d6b6c0c74b5fbfc14b59f80a83957857a856aed1918e0ce243e3aeac2bf6
skull_bones_ring,skin,http://textures.minecraft.net/texture/61ee9d225bc6d6ba287a6779e2894241bedb3044f5c03217fd764639a43457
digby,skin,http://textures.minecraft.net/texture/6ab0d67709d0b9012a8364dda06790471a8bdbbd316b1843ec8e847db8122dc8
vorruz,skin,http://textures.minecraft.net/texture/f2e37de3c3f6dd051a90d9db14189f0de0b9948bd13382b8fc0bee49f31ff96a
rogue_nyx,skin,http://textures.minecraft.net/texture/8d3d7b8aea65a197ebcb2377b394f19ab153605ef298544b470222241892f40f
korruh,skin,http://textures.minecraft.net/texture/2d8f92291c71e69aa923ef31a011774ba143e5c27f3c5fbd35e25f0a62177e4c
wharfmolo_mithrandir,skin,http://textures.minecraft.net/texture/e4dd3a8eba7cde4b4af3c19dd43ab9edae6f304910593fafc49b2d8abc4dc766
test_dummy,body,http://textures.minecraft.net/texture/b4a9fc579f7ddec242af80c73856a0a4ab8f0aa1241941957a872ce985dc0f83
bedlam_ent,skin,http://textures.minecraft.net/texture/9d6927afaf497c0974fd5027fb04a4f8eb9cfe00db0f2ec3276af1aecf6d6ab2
phantom_skull,skin,http://textures.minecraft.net/texture/dde44fc75a6c07ea4afeb7db4c6ca562fa4a8a34ac5c9e5fc038f5efc4087e7c
rabbit,skin,http://textures.minecraft.net/texture/f0817463084b34ee91b36d513a8310a38c8fbdee1c7e5b1555ba1eba97eaa628
resource_backpack,skin,http://textures.minecraft.net/texture/a21a03225460bbaf234394ae1128a8a63f0bb5eb5bf06b86ed7477bb8aa6a915
piggy_bank,skull,http://textures.minecraft.net/texture/3298cd257027d67a1bb20f7a5bc328a3debb78a9dfbf1e1e92af2f23aa640d89
skygaror_mithrandir,skin,http://textures.minecraft.net/texture/e4dd3a8eba7cde4b4af3c19dd43ab9edae6f304910593fafc49b2d8abc4dc766
scourge,skin,http://textures.minecraft.net/texture/bba4cf67f6d95bd9e10c930d28959a4e0a689407ded6efcda01b340279d9fbc0
reaper,skin,http://textures.minecraft.net/texture/a5afeaf8db2a9e0065c938686f7c3f73839f2a8230ae508841bd600b21760586
balmor,skin,http://textures.minecraft.net/texture/5d9daa2de883749811becebc64ad7e50a693bb34828ba8eef0d2a9564b3dc119
clover,skin,http://textures.minecraft.net/texture/db14b3ce9bf01a5e2de4842421cce77c6cc94ae0078aacacadf61d081a97e8f3
faye,skin,http://textures.minecraft.net/texture/85f5cf0ab2320cc635de394f290d18db2449412157833b820e50e5b9df6f019b
pelegosto,skin,http://textures.minecraft.net/texture/549fb9705c1c1b504329d3ddf90cf1ed32dde7c5ed2c9f3a39dfafdcebd759b9
iron_bar,skin,http://textures.minecraft.net/texture/ad8fff88e0aa3e00b5442bfe1e4c704f03cf62e6ee47e09e0f04755f6715330e
bob,skin,http://textures.minecraft.net/texture/baa9b8b96cc269b5224a3fea1ba89ea0302d884943f2637ceee4118ece356c9a
gibraltur,skin,http://textures.minecraft.net/texture/f045ae241403c740ae827121402d9e8f62b59d783843450bae5e24e6c5d30f94
beach_boy,skins_2,http://textures.minecraft.net/texture/81dbfbbfd6979dc38f7dccbdae0fd5248a045c8e3e662cbf0d74e4735e63a2ee
steel_bar,skin,http://textures.minecraft.net/texture/90ee002ca4d9f84d7e2366400a9fcba5caf26b19f6859c0d4ca97655ca96558a
lumberjack,skins_1,http://textures.minecraft.net/texture/5cee26a9b50ed618886c4e797121bdd7e59819f17c9b626d025ff8283d6d1a30
bronze_snail,skull,http://textures.minecraft.net/texture/5765f9d554f910efa7be00e225d2ba8ed612dfb29eb5a523a04733ad1354f258
dead_lettuce,skin,http://textures.minecraft.net/texture/92575bc947648b7fe68f1b623feb7f77286f96a179895d72d2718f94b89c63
orange_fruit_basket,profile,http://textures.minecraft.net/texture/dd0e088f3fbf6e210973aab0788c23bab4dd4c3d74f752095b0b5f6eee284860
master_experium,skin,http://textures.minecraft.net/texture/c8095a1a87e2ba95d58568c158c29fb10fe39d8de78a3a9d056e0a27d72085da
qogoun,skin,http://textures.minecraft.net/texture/60ce33f8243af64994a2474be952a31ad8efbbf2e4088ef4b17e23e8108343f3
corrupt_rune_essence_backpack,skin,http://textures.minecraft.net/texture/b653a79b72e627128bd1d544542a5dfeb7c280af645c8fc365f7e07a19cef2a2
lettuce,profile,http://textures.minecraft.net/texture/9979fe7b32fb7fc9746e157471f975f31afcb58fd8b5acb8bf53ec350f4d5c2
fire_soul,skin,http://textures.minecraft.net/texture/8e6588b5aba7202778a830db609606120521eabc3d731de63c3480b4f3788879
infernal_spider,skin,http://textures.minecraft.net/texture/7349d96287168bc14b46afbf3db0f634af82a19916880051c6dc888db1c71e57
mikael,skin,http://textures.minecraft.net/texture/eb37d3dd689fa8c4f73c3b3f5b463a54622b08eb5c8999af22213d2e2eac7f2
golem_miner,skin,http://textures.minecraft.net/texture/10c61cee6c2ba760825ae87f9fc97948629fb982b25eb83d5983d3abf1def21e
professor_premium,skin,http://textures.minecraft.net/texture/608c13de3b5c6740c53f7cd2581ac0315d0f6111c41bc5c04c93e174a674be01
bum,skin,http://textures.minecraft.net/texture/a4e20d3ca6a5e8808a4458af891c47f7b539269015375d25146017ae169125e0
woodcutting_backpack,skin,http://textures.minecraft.net/texture/b6251371858dbf501da4f42b154f183b097aaecf19bf1f6c6a0c11b6f5feceaa
mouse,skull,http://textures.minecraft.net/texture/cf0c4d680bbe2cb1ca65b88e30d794fd3d0bac717a62161ffcce5009d9bca966
gump,skin,http://textures.minecraft.net/texture/6079d4e6f53d0b6360ae7788664c118ef90025f3740ee8f7b21e11ce6f42b843
